,MSE,PayoffLoss,loss,val_MSE,val_PayoffLoss,val_loss
0,0.15723916888237,0.14199163019657135,0.9434356951713562,0.1563812494277954,0.14100958406925201,0.938042776298523
1,0.1561710089445114,0.14041480422019958,0.9370257025718689,0.1550440788269043,0.13896025717258453,0.929967209148407
2,0.15414604544639587,0.13724014163017273,0.9248759622573852,0.1521514356136322,0.13399763405323029,0.9127639047622681
3,0.15035443007946014,0.13099510967731476,0.9021268328666687,0.1476874202489853,0.12671123445034027,0.8862048712730408
4,0.14601480960845947,0.12441865354776382,0.8760892493247986,0.14318802952766418,0.12057739496231079,0.8596146524429321
5,0.1403607279062271,0.11689364910125732,0.8421639461517334,0.13520778715610504,0.10998818278312683,0.8110637468338012
6,0.1292995810508728,0.10186440497636795,0.7757974474906921,0.12286215275526047,0.09322261810302734,0.7368134128570557
7,0.12112681567668915,0.08945832401514053,0.7267609563827515,0.11821393668651581,0.08656999468803406,0.7095265862464905
8,0.11817547678947449,0.08534059673547745,0.7090525692939759,0.11700079590082169,0.08402790129184723,0.7017723466873169
9,0.11616522073745728,0.08275305479764938,0.6969912063598633,0.11524324119091034,0.08186426013708115,0.6918187408447266
10,0.11432362347841263,0.08086933940649033,0.6859412313461304,0.1120002493262291,0.07877752929925919,0.6717359585762024
11,0.11237702518701553,0.07898982614278793,0.6742623408317566,0.11140447854995728,0.07838419079780579,0.6674397230148316
12,0.11076471954584122,0.07721610367298126,0.6645886225700378,0.10954256355762482,0.07691194862127304,0.6572930689811707
13,0.10857725888490677,0.07511280477046967,0.6514633053779602,0.1064552515745163,0.07354100793600082,0.6390489403724671
14,0.10629773139953613,0.07286686450242996,0.6377864855289459,0.10613581538200378,0.07253655046224594,0.6376275727272034
15,0.10398741811513901,0.07033302634954453,0.6239241911411285,0.10159531980752945,0.06917385756969452,0.6094247283935547
16,0.10144996643066406,0.06825700402259827,0.6087000917911529,0.09951583296060562,0.06589362025260925,0.5975896601676941
17,0.09927164763212204,0.0664154514670372,0.5956298828601837,0.09642716497182846,0.06359989196062088,0.5792081057548523
18,0.09700261801481247,0.06445664912462234,0.5820153804779052,0.09625395387411118,0.06537370383739471,0.5775003403663636
19,0.09477164596319199,0.06297032535076141,0.5686295997619629,0.09203329682350159,0.06017713621258736,0.5524977398872375
20,0.09260544180870056,0.061373572796583176,0.5556328993320465,0.09039384871721268,0.05951933190226555,0.5420049732208252
21,0.09065859019756317,0.05994299799203873,0.5439514870643616,0.09393170475959778,0.062068477272987366,0.5630662872314454
22,0.08860480785369873,0.058508094400167465,0.5316290397644043,0.08728347718715668,0.05695114657282829,0.5234414161682129
23,0.08680696040391922,0.057144757360219955,0.520841726398468,0.08480557054281235,0.05634784698486328,0.5090395233154297
24,0.08499053120613098,0.05582806468009949,0.5099433476924896,0.08340325206518173,0.05424117296934128,0.5003681193351746
25,0.08309166878461838,0.05443103611469269,0.4985502266407013,0.08154153823852539,0.05379115417599678,0.4895208520889282
26,0.08109812438488007,0.052864305675029755,0.48658821396827695,0.08054106682538986,0.05137673020362854,0.4837661957263947
27,0.07898985594511032,0.050961095839738846,0.47393933997154236,0.07864861935377121,0.050125427544116974,0.472457170009613
28,0.07656758278608322,0.04886195436120033,0.45940543208122253,0.07549537718296051,0.04717431589961052,0.452967294549942
29,0.07384021580219269,0.046051982790231705,0.44304125847816467,0.07222867757081985,0.04441765323281288,0.43346358976364135
30,0.07119252532720566,0.0433180071413517,0.42715531387329103,0.06933056563138962,0.04135803133249283,0.41615658640861514
31,0.0692315623164177,0.04161359369754791,0.41538959317207336,0.07000042498111725,0.04195309430360794,0.4204809350967407
32,0.06760678440332413,0.040327079594135284,0.4056408261299133,0.06555315107107162,0.03881337493658066,0.39332413234710695
33,0.06574583798646927,0.038766760379076004,0.3944749041557312,0.06415338814258575,0.0378119982779026,0.38517033977508547
34,0.0641578882932663,0.037573520094156265,0.3849472055435181,0.07203183323144913,0.04101279005408287,0.43242865619659426
35,0.062361981719732285,0.03627871349453926,0.37417215056419373,0.0641077309846878,0.03727851063013077,0.3844222465515137
36,0.06088341772556305,0.03522307425737381,0.3653005423069,0.059609971940517426,0.03446602821350098,0.35750977849960325
37,0.05937303602695465,0.03428712859749794,0.3562380528450012,0.06050633639097214,0.0346442349255085,0.3634765773773193
38,0.05764266476035118,0.03316405043005943,0.34585582003593446,0.05803712084889412,0.03316640481352806,0.34791472096443177
39,0.05619872361421585,0.03219228982925415,0.3371924430370331,0.055215924978256226,0.031687114387750626,0.33090645608901975
40,0.054802000522613525,0.03122260980308056,0.32881209971904757,0.05508485436439514,0.03127963840961456,0.3305595096588135
41,0.05340902879834175,0.030426226556301117,0.3204542117357254,0.056384749710559845,0.03188401088118553,0.33868889741897584
42,0.052156805992126465,0.029480798169970512,0.31294078693389893,0.051376793533563614,0.028746018186211586,0.3079795813083649
43,0.05107849836349487,0.0288934875279665,0.3064709065914154,0.05179563909769058,0.02930205874145031,0.31091556339263915
44,0.04992831498384476,0.028204485774040222,0.2995698609828949,0.051040466874837875,0.02840457670390606,0.30610471172332765
45,0.04897274449467659,0.027626333758234978,0.29383654108047486,0.04835611209273338,0.027014028280973434,0.2903015597820282
46,0.048002779483795166,0.02675984799861908,0.288016637301445,0.048179224133491516,0.027106044813990593,0.28891865377426146
47,0.047048795968294144,0.026171810925006866,0.2822929848670959,0.047305360436439514,0.026445649564266205,0.2832550496101379
48,0.04627504572272301,0.02580922283232212,0.27765017247200013,0.050067007541656494,0.027615243569016457,0.3004878883361816
49,0.04529953747987747,0.025279473513364792,0.271797146320343,0.04866156727075577,0.0267118401825428,0.29230198431015014
50,0.04439544677734375,0.024644991382956505,0.26637262926101685,0.04370080307126045,0.02423485927283764,0.2622096529006958
51,0.0436544232070446,0.02414761856198311,0.2619266217470169,0.04491399601101875,0.024964360520243645,0.270029252743721
52,0.04302547127008438,0.023826440796256065,0.25815266783237456,0.042581956833601,0.023442532867193222,0.25564004864692685
53,0.042376674711704254,0.02356635220348835,0.25426027274131774,0.0416240431368351,0.023162422701716423,0.24957617416381836
54,0.04163883253931999,0.023126358166337013,0.24983323352336884,0.04227681830525398,0.02369150146842003,0.25398526599407195
55,0.04102699086070061,0.022731777280569077,0.24616186399459838,0.041048914194107056,0.02265154756605625,0.24615837016105652
56,0.04056534916162491,0.02240612730383873,0.24339204168319703,0.0415872260928154,0.023077690973877907,0.2489167935848236
57,0.03983217850327492,0.021926788613200188,0.23899301609992982,0.03920835629105568,0.021771404892206192,0.235179340839386
58,0.03919433429837227,0.021592717617750168,0.2351659557580948,0.04187481477856636,0.02296227030456066,0.2515710396528244
59,0.03913361206650734,0.021681087091565132,0.23480175745487214,0.0387604720890522,0.021329522132873535,0.23297771785259247
60,0.038398973643779755,0.021177217364311218,0.2303939054250717,0.039724163711071014,0.021893661469221115,0.23847567796707153
61,0.037877798080444336,0.02096395567059517,0.22726677105426787,0.040502384305000305,0.022165488451719284,0.2427153854370117
62,0.03751606494188309,0.020701562985777855,0.22509637410640718,0.03827734664082527,0.021353840827941895,0.2297530133962631
63,0.03690960258245468,0.020442331209778786,0.22145757958889006,0.03693010285496712,0.020767873153090477,0.22186532764434813
64,0.036488112062215805,0.02014482580125332,0.21892865097522735,0.03615119308233261,0.020043982192873955,0.21688674461841584
65,0.03605533763766289,0.019880086183547974,0.2163321049451828,0.03734093904495239,0.0203693974763155,0.22361563138961793
66,0.03575257211923599,0.019626906141638756,0.21451542086601258,0.03762451931834221,0.020754529163241386,0.22567186257839203
67,0.03528320789337158,0.01943017542362213,0.21169905213117599,0.03567873314023018,0.019555160775780678,0.21430873665809633
68,0.03499622642993927,0.019401976838707924,0.20997734298706056,0.036152180284261703,0.019993286579847336,0.21718967366218567
69,0.034620460122823715,0.019110627472400665,0.20772283849716186,0.037160322070121765,0.020437799394130707,0.2234553213596344
70,0.03430594503879547,0.018884457647800446,0.2058357436299324,0.03526055067777634,0.019361352548003197,0.211567999792099
71,0.033897578716278076,0.018739670515060425,0.20338544952869414,0.03574005141854286,0.019535275176167488,0.21467183866500855
72,0.03378646820783615,0.01860983297228813,0.20271884154081343,0.03288322314620018,0.018183663487434387,0.19735772671699525
73,0.03336956351995468,0.01830953359603882,0.20021733359098434,0.034251242876052856,0.01869843900203705,0.20576271727085113
74,0.032895732671022415,0.018148941919207573,0.1973744854450226,0.033242687582969666,0.01812516711652279,0.19959374854564665
75,0.032672178000211716,0.017948728054761887,0.1960330215215683,0.03283369913697243,0.01816706731915474,0.19703259799480438
76,0.03234468027949333,0.017849380150437355,0.19406812226772308,0.033424533903598785,0.018384607508778572,0.20050050196647645
77,0.03202860802412033,0.01758902706205845,0.19217159428596498,0.03289254754781723,0.018063129857182503,0.197390580368042
78,0.031813815236091614,0.017429696395993233,0.19088286370038987,0.03301672637462616,0.01808437891304493,0.1979231444835663
79,0.03152104467153549,0.01730538159608841,0.1891263173699379,0.03417793661355972,0.018375130370259285,0.20529285509586334
80,0.031242629513144493,0.017125658690929413,0.18745582406520844,0.03676415607333183,0.019952045753598213,0.2208799530506134
81,0.03112187795341015,0.017106102779507637,0.18673115113973618,0.032685425132513046,0.017751328647136688,0.19531714420318602
82,0.030924426391720772,0.016939731314778328,0.1855466430902481,0.030883383005857468,0.016987064853310585,0.1856978594660759
83,0.03034197725355625,0.01678590662777424,0.18205188038349152,0.031049950048327446,0.01678655669093132,0.18607727465629578
84,0.030390072613954544,0.016728250309824944,0.18234045575857163,0.03024091012775898,0.016461778432130814,0.1815142683506012
85,0.02995361015200615,0.01648479700088501,0.17972161997556688,0.030929848551750183,0.016950637102127075,0.18575497369766236
86,0.029799187555909157,0.01624271646142006,0.178795034468174,0.03060884214937687,0.016726603731513023,0.18368532629013062
87,0.02962259203195572,0.01626603491604328,0.1777356212735176,0.030567403882741928,0.016711395233869553,0.18330250301361084
88,0.02919640578329563,0.015981117263436317,0.17517838921546935,0.030872201547026634,0.016948502510786057,0.1851836461544037
89,0.028967007994651794,0.015927033498883247,0.17380204232931137,0.031577035784721375,0.01729646511375904,0.18940448451042174
90,0.028710735961794853,0.01581362821161747,0.17226444338560104,0.029199494048953056,0.01580338552594185,0.17501464958190918
91,0.02862497605383396,0.015760475769639015,0.17174999079704284,0.03053351677954197,0.016414761543273926,0.18303920888900757
92,0.02848505601286888,0.015608854591846466,0.1709102257013321,0.032835427671670914,0.017563797533512115,0.19644223551750184
93,0.02816789224743843,0.015502857975661755,0.1690073114156723,0.028292054310441017,0.015348290093243122,0.16976697707176208
94,0.027941159904003143,0.015237306244671345,0.16764696497917175,0.030232911929488182,0.016399389132857323,0.18105938906669616
95,0.02776658721268177,0.015109213069081306,0.16659948027133942,0.030209559947252274,0.016332514584064484,0.1813606003522873
96,0.027515530586242676,0.015073197893798351,0.16509322040081023,0.03250730410218239,0.01728491485118866,0.19532712733745575
97,0.027443164959549904,0.014952545054256916,0.16465911053419113,0.02759079448878765,0.015398737974464893,0.16579448256492615
98,0.027224037796258926,0.014766108244657516,0.1633441741347313,0.02792545221745968,0.01513008214533329,0.16733580079078675
99,0.027181940153241158,0.014814903028309345,0.16309166009426118,0.028589336201548576,0.015779919922351837,0.1709706123828888
100,0.026673544198274612,0.014504258520901203,0.16004117287397385,0.027388764545321465,0.015071560628712177,0.16404257578849793
101,0.026484329253435135,0.014477534219622612,0.15890604627132415,0.0280403271317482,0.015201500616967678,0.16798667359352112
102,0.02619699016213417,0.014270797371864319,0.15718191105127335,0.02866371162235737,0.015637125819921494,0.1712965765953064
103,0.02607143484055996,0.01419904176145792,0.15642864847183227,0.029728282243013382,0.01592347025871277,0.17776888265609742
104,0.02587858960032463,0.014110873453319073,0.15527158797979354,0.027910955250263214,0.015103246085345745,0.16719780344963073
105,0.025958197191357613,0.014097576960921288,0.15574917814731598,0.02907547727227211,0.015701012685894966,0.17402325620651246
106,0.02559458650648594,0.013784009963274002,0.15356756558418275,0.02611229196190834,0.01438620314002037,0.15657926318645476
107,0.025303659960627556,0.013790474273264408,0.15182210476398467,0.0260381568223238,0.014247479848563671,0.1562950451850891
108,0.02523873746395111,0.013681244105100632,0.1514323755145073,0.026969442144036293,0.014386249706149101,0.16210555535554885
109,0.02516336739063263,0.013598504476249218,0.1509802282333374,0.025295862928032875,0.013953972607851028,0.15184846200942992
110,0.02490297332406044,0.013544044457376003,0.149417839550972,0.026533642783761024,0.014328321442008018,0.15887215843200683
111,0.024674778804183006,0.013297227211296558,0.1480486444234848,0.02607942745089531,0.014168101362884045,0.15585179533958435
112,0.024628806859254837,0.013248005881905556,0.14777273722887038,0.030069928616285324,0.015987910330295563,0.18025374541282654
113,0.02440052106976509,0.013222388923168182,0.14640320565700532,0.024704938754439354,0.013564938679337502,0.14814567432403564
114,0.024273112416267395,0.01310713030397892,0.14563870581388474,0.028256108984351158,0.015022273175418377,0.169780890917778
115,0.024074750021100044,0.01301965769380331,0.14444851492643357,0.025922434404492378,0.01397618092596531,0.15523107810020448
116,0.023855432868003845,0.012825929559767246,0.1431326200723648,0.02571050450205803,0.013769049197435379,0.15410722765922547
117,0.023763382807374,0.012790556065738201,0.14258032128810882,0.025776848196983337,0.013929690234363079,0.15509963750839234
118,0.023403262719511986,0.012514001689851284,0.14041966613531112,0.025569839403033257,0.013683768920600414,0.1533820121526718
119,0.02339251898229122,0.01262214221060276,0.14035515475273133,0.02566291205585003,0.013658624142408371,0.15354755220413208
120,0.023355120792984962,0.012434389442205429,0.1401307391524315,0.024991696700453758,0.013368437997996807,0.1499106230735779
121,0.023320680484175682,0.012581373564898968,0.13992405737638475,0.02392590418457985,0.012782040983438492,0.1434700038433075
122,0.023133940994739532,0.012622511014342308,0.13880372443795205,0.02693469636142254,0.014322907663881779,0.16142719073295594
123,0.022919071838259697,0.01234531495720148,0.1375144407391548,0.02505289390683174,0.013340059667825699,0.15040194911956786
124,0.022685443982481956,0.012200205586850643,0.13611268518567085,0.024825256317853928,0.013141798786818981,0.14891732897758483
125,0.02258465252816677,0.011970638297498226,0.13550792639255524,0.024960815906524658,0.013412627391517162,0.14941666214466096
126,0.02266271971166134,0.01213555783033371,0.13597628849744797,0.022697312757372856,0.012291358783841133,0.13595013046264648
127,0.022473778575658798,0.012079180218279362,0.13484267485141754,0.023849956691265106,0.012750541791319847,0.14317364706993102
128,0.02209240384399891,0.011831840500235558,0.1325544786453247,0.022865155711770058,0.012120506726205349,0.13728537814617156
129,0.022131595760583878,0.011878888122737408,0.13278958988189699,0.024856410920619965,0.013133615255355835,0.1493971228122711
130,0.021982770413160324,0.011697075329720974,0.13189663763046264,0.025400666519999504,0.013567108660936356,0.1524379915714264
131,0.021869592368602753,0.011795750819146633,0.13121751641631127,0.0226587001234293,0.01198984682559967,0.13565200657844542
132,0.021866973489522934,0.0116950748488307,0.13120183615684508,0.021997157484292984,0.012042270042002201,0.13246933127045632
133,0.021634619683027267,0.011623057536780834,0.12980767716169359,0.024671180173754692,0.013087711296975613,0.14825717787742615
134,0.021554097533226013,0.011470241472125053,0.12932453129291535,0.021918995305895805,0.011888653971254826,0.13153467359542848
135,0.021535733714699745,0.011412153951823711,0.12921441365480424,0.024722792208194733,0.013104530051350594,0.14846821627616882
136,0.021529290825128555,0.011497501283884048,0.1291757463335991,0.02457030490040779,0.013004040345549583,0.147481937789917
137,0.021358124911785126,0.011394127272069454,0.12814870626926422,0.021919094026088715,0.01196516677737236,0.13173690315485
138,0.021065782755613327,0.011233970522880554,0.12639462125301362,0.022907618433237076,0.012029459699988365,0.1378990485727787
139,0.021245470270514488,0.01131513062864542,0.12747282925844192,0.02210218831896782,0.011793233454227448,0.1327369835615158
140,0.02101164683699608,0.011159013956785202,0.12606987048983573,0.021554647013545036,0.011516617611050606,0.12952541282176971
141,0.020900152623653412,0.011208920739591122,0.12540095984935762,0.0231940858066082,0.012262538075447083,0.13954870039820672
142,0.020508229732513428,0.010940437205135822,0.12304936302900314,0.025771120563149452,0.013558817096054554,0.15433032128810883
143,0.02069237269461155,0.01104519423097372,0.12415419149398804,0.02337511070072651,0.012232854962348938,0.14050401933193207
144,0.02055707946419716,0.010894808918237686,0.12334243167638778,0.022268161177635193,0.011891071684658527,0.13389596998691558
145,0.020500680431723595,0.010967589914798737,0.12300408095121383,0.02100570872426033,0.011099282652139664,0.1262610504746437
146,0.020318739116191864,0.010730698704719543,0.12191243409514427,0.021572332829236984,0.011498374864459038,0.1296138442993164
147,0.02032388560473919,0.01079835370182991,0.12194331481456756,0.02125389501452446,0.011350284330546856,0.12758794918060304
148,0.020246529951691628,0.010876982472836971,0.12147920789718628,0.02330992929637432,0.012594988569617271,0.1399930287361145
149,0.02013222500681877,0.01057977695018053,0.120793405097723,0.02105443924665451,0.011154062114655972,0.1261558968782425
150,0.019959403201937675,0.01065859291702509,0.11975647669434547,0.021699000149965286,0.011498363688588142,0.12990944092273712
151,0.01991024985909462,0.010582225397229195,0.11946147330403328,0.021084807813167572,0.011213419958949089,0.12687194051742554
152,0.019857749342918396,0.010464326478540897,0.11914644883871078,0.02218233048915863,0.011554878205060959,0.13315343519449235
153,0.019802838563919067,0.010435868054628372,0.11881700239181518,0.02151302993297577,0.011608634144067764,0.1291025182247162
154,0.019924182444810867,0.010569967329502106,0.1195450539290905,0.020793680101633072,0.011089935898780823,0.12463780870437623
155,0.019597910344600677,0.010394102893769741,0.11758747061491012,0.02279919944703579,0.011934563517570496,0.1368026895046234
156,0.019619563594460487,0.010331434197723866,0.1177173504114151,0.024373792111873627,0.01261147204786539,0.14596248359680175
157,0.01950414851307869,0.010310486890375614,0.11702495577335358,0.02310144156217575,0.011778968386352062,0.13860332460403443
158,0.019356833770871162,0.010169001296162605,0.11614096005558967,0.02136751264333725,0.011377761140465736,0.1279633121728897
159,0.01913534849882126,0.010192151181399822,0.11481208169460297,0.019919827580451965,0.010473986156284809,0.11958461873531341
160,0.0191561970859766,0.010124561376869678,0.11493711185455323,0.020313845947384834,0.010788995772600174,0.1221105458498001
161,0.019281798973679543,0.010063555091619492,0.11569088362455368,0.021728865802288055,0.011208669282495975,0.13039410121440886
162,0.01903480291366577,0.010076898150146008,0.11420879778861999,0.02045002393424511,0.010918859392404556,0.12261717691421509
163,0.019128642976284027,0.010047907941043377,0.11477172609567642,0.020761650055646896,0.010857912711799145,0.12477607933282853
164,0.0189833864569664,0.010076931677758694,0.11390031243562698,0.02060825563967228,0.010763452388346195,0.12397473502755164
165,0.01885368674993515,0.009861266240477562,0.11312211138010025,0.02100646123290062,0.011032719165086746,0.12625976436138153
166,0.01883961446583271,0.00989935640245676,0.1130376971065998,0.01991177350282669,0.010496513918042183,0.1192586015701294
167,0.01861259527504444,0.009740373119711876,0.1116755421936512,0.02014162205159664,0.010513510555028915,0.12093502119779587
168,0.01872083730995655,0.00972615648061037,0.1123250710606575,0.020223233848810196,0.0108799384906888,0.12112322278022766
169,0.018666641786694527,0.009867253713309765,0.1119998479783535,0.021265847608447075,0.011095697991549969,0.12795308166742325
170,0.018564311787486076,0.009746456518769264,0.11138588141202926,0.020639877766370773,0.010830108076334,0.12389444842338562
171,0.01853601448237896,0.009724297560751438,0.1112161520242691,0.018979793414473534,0.010215376503765583,0.11421509630084038
172,0.01833176799118519,0.00963591504842043,0.10999063704609871,0.020759006962180138,0.01080827135592699,0.12445805082321167
173,0.018551014363765717,0.009731842204928398,0.11130608798861504,0.020172521471977234,0.01060287095606327,0.1209688315153122
174,0.01840316131711006,0.009683927521109581,0.11041893821954728,0.02002575807273388,0.010632095858454704,0.12045976542830467
175,0.018253060057759285,0.009592797607183456,0.10951836268901825,0.019858043640851974,0.010420435108244419,0.11937497427463531
176,0.01823265478014946,0.00961415283381939,0.10939597370624542,0.018613619729876518,0.009779815562069416,0.11190199975967408
177,0.01818017289042473,0.009490273892879486,0.10908101001977921,0.01994374394416809,0.010357030667364597,0.11953894710540772
178,0.01799054630100727,0.00955924205482006,0.10794323417544364,0.01972109265625477,0.0103335315361619,0.11859035470485688
179,0.018079517409205437,0.009533550590276718,0.10847707905173301,0.021025029942393303,0.010686666704714298,0.126394389629364
180,0.01783737540245056,0.009333522990345955,0.10702424916625022,0.023799806833267212,0.011988786049187183,0.14244394102096558
181,0.018006956204771996,0.009417831897735596,0.10804180336594582,0.019695548340678215,0.010460312478244305,0.11812477769851684
182,0.017897089943289757,0.009354669600725174,0.10738253222107887,0.02003498561680317,0.010373549535870552,0.12028800647258758
183,0.017917176708579063,0.0093841552734375,0.1075030884206295,0.019205894321203232,0.010000485926866531,0.11544632570743561
184,0.017806386575102806,0.009304366074502468,0.10683831861019134,0.019595684483647346,0.010246486403048038,0.11758214182853699
185,0.01781493052840233,0.009342697449028492,0.10688958709836006,0.020071448758244514,0.010347734205424786,0.12046591560840607
186,0.017658093944191933,0.009294601157307625,0.10594859111309052,0.019095446914434433,0.009873933158814907,0.11464096251726151
187,0.017450576648116112,0.009114917367696762,0.10470356720685958,0.018023980781435966,0.009592465125024319,0.10816449687480927
188,0.01763322204351425,0.009170901030302048,0.1057994207918644,0.0191184151917696,0.009997550398111343,0.1146206787109375
189,0.017541851848363876,0.009184096939861774,0.10525111744999885,0.01950911059975624,0.010045759379863739,0.11694388568401337
190,0.017479537054896355,0.00913287978619337,0.10487722916603089,0.020621800795197487,0.010463263839483261,0.1236374291419983
191,0.01730535365641117,0.009066029451787472,0.10383206116557121,0.019278904423117638,0.009806152433156967,0.11567049567699432
192,0.017323995009064674,0.009038111194968224,0.10394394144415856,0.018764985725283623,0.009593202732503414,0.11289035469293594
193,0.017154071480035782,0.009024412371218204,0.10292437049746514,0.02207222953438759,0.01130765676498413,0.13251365016698838
194,0.01731865108013153,0.009022604674100876,0.10391185465455055,0.021422918885946274,0.010708313435316086,0.12854837198257446
195,0.01713644713163376,0.008871651254594326,0.10281870391964912,0.020035183057188988,0.010325620882213116,0.12003403401374817
196,0.017133023589849472,0.008839440532028675,0.1027982333123684,0.019297678023576736,0.009784639813005924,0.11610693677663803
197,0.016978027299046516,0.008878150954842567,0.10186822568178176,0.02008415013551712,0.010240842588245869,0.1206372266292572
198,0.016987526789307594,0.008697119541466236,0.10192519450187683,0.019044188782572746,0.009693095460534096,0.11426501950025558
199,0.016892189159989357,0.008857225067913532,0.10135309395194053,0.018612155690789223,0.009775619953870773,0.1118895008444786
200,0.01676732301712036,0.008755872026085854,0.10060387883782387,0.02033720165491104,0.010383309796452522,0.12179574885368347
201,0.016870927065610886,0.008833080530166626,0.10122553616166115,0.01911245658993721,0.009898960590362549,0.1145149207353592
202,0.016979603096842766,0.008921968750655651,0.10187766608595848,0.019248297438025475,0.009820051491260529,0.11521584839820861
203,0.016593145206570625,0.008685726672410965,0.09955877105593681,0.021472183987498283,0.010703199543058872,0.12840410106182099
204,0.01690295711159706,0.00876130722463131,0.10141779611706733,0.02218654192984104,0.01127548236399889,0.13320759057998657
205,0.016673345118761063,0.008647236973047256,0.10004005300402641,0.01913037896156311,0.009845391847193241,0.11492911484241486
206,0.016871199011802673,0.008781086653470993,0.10122717022299767,0.020239245146512985,0.010247019119560719,0.12134903740882874
207,0.016841227188706398,0.008764553815126419,0.10104729331731796,0.019472841173410416,0.010078542865812778,0.11704730064868928
208,0.01646171510219574,0.00862716231495142,0.09877031111121178,0.018943093717098236,0.009511015377938747,0.11329627385139465
209,0.016558799892663956,0.00859723798930645,0.09935281054973602,0.018633928149938583,0.009714782238006592,0.1116979424715042
210,0.016399934887886047,0.008594189770519733,0.09839953626394272,0.017911572009325027,0.009122472256422043,0.10779619425535202
211,0.0166567862033844,0.00870434008538723,0.09994072911739349,0.019298838451504707,0.009905732236802578,0.11594265133142471
212,0.0165695920586586,0.008616478182375431,0.09941754235625266,0.020084325224161148,0.010169636458158493,0.12078732091188431
213,0.016464469954371452,0.008607862517237663,0.09878681675791741,0.017890846356749535,0.009160086512565613,0.10767843568325043
214,0.01633833721280098,0.008437124080955982,0.09803003251552582,0.018626900389790535,0.00942868459969759,0.11144597473144531
215,0.016249796375632286,0.008421620354056358,0.09749874085187912,0.017572587355971336,0.00908594485372305,0.10557809437513352
216,0.01614154502749443,0.008388899266719818,0.09684926952719689,0.019617125391960144,0.009819519706070423,0.11765944855213166
217,0.016255555674433708,0.0084396256133914,0.09753329736590385,0.0175189021974802,0.008847692050039768,0.10512030971050262
218,0.01624239608645439,0.008541954681277275,0.09745438760519028,0.018332529813051224,0.009501068852841854,0.11026400467157364
219,0.015926893800497055,0.008249468170106411,0.09556132735610008,0.018585005775094032,0.009212742559611797,0.11123529570102691
220,0.016203826293349266,0.008407938294112682,0.09722295185923577,0.018211282789707184,0.00932713970541954,0.1094497546672821
221,0.015880130231380463,0.008291737176477909,0.09528084029555321,0.017147138714790344,0.008889669552445412,0.10306390488147736
222,0.016194751486182213,0.008421773090958595,0.097168518024683,0.017090504989027977,0.008943213149905205,0.10246818344593048
223,0.01591428555548191,0.008218273520469666,0.09548570457696914,0.01823998987674713,0.00921719055622816,0.10961229157447815
224,0.015814924612641335,0.008101275190711021,0.09488952440619469,0.016847429797053337,0.008526932448148727,0.10145338056385517
225,0.01584245078265667,0.008255812339484692,0.09505468405485153,0.017248915508389473,0.00905583519488573,0.1035173039674759
226,0.0157155841588974,0.008155169896781445,0.09429353733658791,0.017717044800519943,0.00894442293792963,0.10626811549663544
227,0.015717370435595512,0.008081035688519478,0.09430418821573257,0.018916359171271324,0.009510465897619724,0.11373397607803344
228,0.01606127992272377,0.008238385431468487,0.09636770681738853,0.01741008274257183,0.008836781606078148,0.10460460563898087
229,0.015709586441516876,0.008069238625466824,0.09425754487514496,0.020029248669743538,0.009883238933980465,0.12011558301448821
230,0.015594310127198696,0.008146649226546288,0.09356588842272759,0.019258055835962296,0.009661954827606678,0.1157465371131897
231,0.01570749282836914,0.008181248791515827,0.09424498304128646,0.01751095801591873,0.008771340362727642,0.10533134754896165
232,0.015576350502669811,0.008070874027907848,0.09345810594558716,0.017554139718413353,0.009061307646334171,0.10572878308296203
233,0.015450346283614635,0.00806187279522419,0.09270203551650047,0.016557203605771065,0.0085291163995862,0.09932725836038589
234,0.0157963614910841,0.008159960620105267,0.094778181296587,0.017599157989025116,0.008894765749573708,0.10520538804531097
235,0.01573912426829338,0.008087064139544964,0.09443473463058472,0.019013721495866776,0.009583705104887486,0.11420091061592103
236,0.015462201088666916,0.008000052534043789,0.09277319743633271,0.016376016661524773,0.00839478150010109,0.09838911325931549
237,0.01552923396229744,0.008002539165318012,0.09317541949152947,0.0186106376349926,0.009390554390847683,0.11143989036083221
238,0.015536614693701267,0.007970818318426609,0.09321968330144882,0.01833142153918743,0.009102137759327888,0.11023755717277527
239,0.015369119122624397,0.00792849250137806,0.0922147192299366,0.019036592915654182,0.009629168547689915,0.11422497389316559
240,0.01532534509897232,0.0079259742051363,0.0919520752966404,0.01734369806945324,0.008904851041734219,0.1039949654340744
241,0.01520124077796936,0.00790516659617424,0.09120749788284302,0.01715889386832714,0.008812756277620792,0.10299720366001129
242,0.015501736663281918,0.007950237020850182,0.09301041909456254,0.01617596298456192,0.008329746313393116,0.09715080690383911
243,0.01524876058101654,0.007852543145418167,0.09149256831407547,0.020314164459705353,0.010165032930672169,0.12199808928966523
244,0.015080533921718597,0.007764890324324369,0.09048321076631546,0.01840071752667427,0.009330674074590206,0.11031442079544067
245,0.015118978917598724,0.007797021418809891,0.09071388002038001,0.01763198710978031,0.008968930691480637,0.10585150867700577
246,0.015148612670600414,0.00790405087172985,0.09089169709682465,0.01843041554093361,0.009339842945337296,0.11052867250442505
247,0.01521986536681652,0.007847669534385204,0.09131922365427017,0.019280126318335533,0.009570971131324768,0.11584025015830994
248,0.015210790559649467,0.007933286018669605,0.09126480486392975,0.016590220853686333,0.008436945267021656,0.09962564588785172
249,0.015262505039572716,0.007825462147593498,0.09157504422664642,0.0174544807523489,0.008726201020181179,0.10503539651036263
250,0.014988995157182217,0.007842945866286755,0.08993393664956092,0.018343066796660423,0.00917726755142212,0.11001647102832794
251,0.015184863470494747,0.007830380462110043,0.09110920823812485,0.0167032890021801,0.008398515172302723,0.10018591874837876
252,0.014807658270001411,0.0076288278214633465,0.08884599354863167,0.01639162003993988,0.008402515202760696,0.09795706374645233
253,0.015079213306307793,0.007816163823008537,0.090475227612257,0.016123641282320023,0.00833514891564846,0.09687881206274032
254,0.015140763483941555,0.007715370040386915,0.09084458760619163,0.016819722950458527,0.0086774080991745,0.10124483855366707
255,0.014752811752259731,0.0076153879053890705,0.08851690002679825,0.01732601411640644,0.008713426068425179,0.10410711654424668
256,0.01480424776673317,0.0076527586206793785,0.08882547833919525,0.01675443910062313,0.008481946773827076,0.10055587298870086
257,0.014927053824067116,0.007645896170288324,0.08956229807138442,0.01723005250096321,0.008676622994244099,0.10354429275989532
258,0.014699641615152359,0.007620517164468765,0.0881979079902172,0.01879681833088398,0.009670821018517017,0.11287214848995208
259,0.014944920316338539,0.0077390000224113464,0.08966943432092667,0.018600981682538986,0.009277485311031342,0.11176620296239853
260,0.014862442389130592,0.007658676709979773,0.0891747083902359,0.015751268714666367,0.00804605707526207,0.09456569296121597
261,0.014792002737522125,0.007603789679706097,0.08875201450586319,0.01748512126505375,0.008911852724850178,0.10507471861839295
262,0.014655723236501217,0.007509529124945402,0.08793437834978103,0.016855312511324883,0.008434809744358063,0.10118827409744263
263,0.014634199440479279,0.0076120696030557156,0.08780522133708,0.018223702907562256,0.009133502840995789,0.10901482272148132
264,0.014661827124655247,0.0075911409221589565,0.08797092651724815,0.016841944307088852,0.008385379798710346,0.10121589992046356
265,0.014476240612566471,0.007464087102562189,0.08685745558738708,0.016237439587712288,0.008271939121186733,0.09774465978741646
266,0.014644012786448002,0.007532055489718914,0.08786404366493225,0.01593879610300064,0.008113432675600052,0.09575968477725982
267,0.01446324773132801,0.007473596837371588,0.08677946136593818,0.016833579167723656,0.008511886931955814,0.10139202722609043
268,0.014474415220320225,0.007453269325196743,0.08684654005169869,0.017771277576684952,0.008942683227360249,0.10650780804157257
269,0.01441266667097807,0.007447583135217428,0.08647599977850914,0.019100505858659744,0.009367815218865871,0.11414970278739929
270,0.014472143724560738,0.007487654220312834,0.08683286944627762,0.016060438007116318,0.007977664470672607,0.09632422139644622
271,0.014274848625063896,0.007401189301162958,0.08564911752939225,0.016793804243206978,0.008575101383030415,0.10084482591152191
272,0.014295367524027824,0.007387153804302216,0.08577229048609733,0.015726372599601746,0.008174807764589787,0.09436937745809555
273,0.014283199794590473,0.007297562435269356,0.0856991872727871,0.018143532797694206,0.0090031698346138,0.1089965503334999
274,0.014285742305219173,0.007326848804950714,0.08571445621252059,0.016152681782841682,0.00816977396607399,0.09685327886343002
275,0.014133075252175331,0.0072200302965939045,0.08479849138557911,0.017090152949094772,0.008573501370847225,0.10262709200382232
276,0.014481673017144203,0.007450217381119728,0.08689005880653858,0.01749020256102085,0.009025811217725277,0.10497627835273743
277,0.014199658297002316,0.0071163056418299675,0.08519796273112297,0.01646767370402813,0.008138418197631836,0.09882645480632782
278,0.014313839375972748,0.007359368726611137,0.08588300829231739,0.01687009260058403,0.008303911425173283,0.10124750699996948
279,0.014247491024434566,0.007324911653995514,0.08548492624163628,0.01680348999798298,0.008678614161908627,0.10084025255441666
280,0.014218385331332684,0.0072249616496264935,0.08531030527353287,0.016272252425551414,0.008068475872278214,0.09777601380348205
281,0.014208023436367512,0.0072318315505981445,0.085248184466362,0.017201442271471024,0.008678601123392582,0.10322964367866516
282,0.014264147728681564,0.0072646355256438255,0.0855848392367363,0.0183347687125206,0.009221749380230904,0.1102419311106205
283,0.014112977311015129,0.0072314064018428326,0.084677882283926,0.01564042456448078,0.00790614914149046,0.09371680641174317
284,0.014189332723617554,0.007293347734957933,0.08513599355220795,0.015540219843387604,0.007654547691345215,0.09307304050922394
285,0.014057926833629608,0.007210420910269022,0.08434753215312958,0.016883665695786476,0.00833548977971077,0.10140462071895599
286,0.014050314202904701,0.007205838803201914,0.08430189062356949,0.01605227403342724,0.00808978546410799,0.09585790197849274
287,0.013959260657429695,0.0071287378668785095,0.08375555085539818,0.015343476086854935,0.007733064237982035,0.09200529851913453
288,0.014090468175709248,0.007208833936601877,0.08454280467033386,0.018437501043081284,0.00899114366620779,0.11077079439163208
289,0.013896249234676361,0.007116657216101885,0.08337748619318008,0.016830693930387497,0.008208530955016613,0.10133743994235993
290,0.014354672282934189,0.0073093450628221035,0.08612807322740555,0.015907559543848038,0.008210951462388039,0.09547672762870789
291,0.014234497211873531,0.007254315074533224,0.0854070090174675,0.01580633968114853,0.00801621563732624,0.09476887048482895
292,0.014006504788994789,0.007182340137660503,0.0840389991223812,0.015271583572030067,0.0075810193084180355,0.09192784687578678
293,0.013906877487897873,0.007094880566000938,0.08344127767086029,0.017725611105561256,0.008932512253522873,0.10636186165809632
294,0.013671394437551498,0.007015150506049395,0.08202834585607052,0.017210325226187706,0.008409331552684307,0.1034179048538208
295,0.014073008671402931,0.007123950403183699,0.08443807716369629,0.01591622270643711,0.008150119334459305,0.0949001234292984
296,0.013811581768095493,0.007083647884428501,0.08286944668292999,0.015852971002459526,0.007982335984706879,0.09502346812486649
297,0.013813716359436512,0.007068197708576918,0.08288228812813758,0.016461029648780823,0.008158343844115734,0.09875905861854553
298,0.014079750515520573,0.0072288597002625465,0.08447849730849266,0.01709357090294361,0.008471058681607246,0.1024033519268036
299,0.013741486705839634,0.007003935985267162,0.08244894386529922,0.015118375420570374,0.007527219131588936,0.09052876899242401
300,0.013764890842139721,0.006998909637331963,0.08258933492302895,0.014234564267098904,0.0071963961236178875,0.08556459485292435
301,0.013621117919683456,0.006971612572669983,0.08172665836215019,0.014434387907385826,0.007418750319629908,0.08688604862689972
302,0.013722198083996773,0.006976631004363298,0.08233320731520653,0.01478162407875061,0.0074195642955601215,0.08820397424697876
303,0.013783558271825314,0.006976183503866196,0.0827013343334198,0.01988811232149601,0.009798570536077023,0.11892107949256897
304,0.013798324391245842,0.007008295971900225,0.08278991099596024,0.015376622788608074,0.007743280380964279,0.09245370845794677
305,0.013707168400287628,0.006997700314968824,0.08224301776885987,0.01593025028705597,0.0076584662310779095,0.09565713185071945
306,0.01367019210010767,0.006917539983987808,0.08202119339704514,0.01557779498398304,0.007670003920793533,0.09311795988082885
307,0.013593853451311588,0.006826600059866905,0.08156315206885338,0.01497694756835699,0.007548411842435598,0.08965939772129058
308,0.013665162958204746,0.007006150670349598,0.08199099088907241,0.01601134054362774,0.007856352254748344,0.09614598797559738
309,0.013637246564030647,0.006905868649482727,0.08182350329756737,0.01513764075934887,0.0073849973268806934,0.0904825097322464
310,0.013383327051997185,0.006805073469877243,0.08029997107982635,0.014903810806572437,0.007520270999521017,0.08964134266376496
311,0.013640925288200378,0.00688945222645998,0.08184557011425495,0.015058471821248531,0.007545584347099066,0.08992843782901763
312,0.013604803010821342,0.006937453523278236,0.08162880556583405,0.018308129161596298,0.008583210408687592,0.10924345588684083
313,0.013380478136241436,0.006811805535107851,0.08028290367722511,0.01661694049835205,0.008289473131299019,0.09939320158958435
314,0.013294839300215244,0.006754305213689804,0.07976904445886612,0.01531359925866127,0.007849142886698246,0.09188521823883057
315,0.013634894043207169,0.006972168572247028,0.081809334897995,0.014809699729084969,0.007502146530896425,0.08907824749350547
316,0.013495860621333122,0.006834220141172409,0.08097514806687832,0.0157280582934618,0.007785331457853317,0.09457947568893432
317,0.013348727487027645,0.006719835102558136,0.08009236252307891,0.018366552889347076,0.00886948499828577,0.11038322596549988
318,0.013648735359311104,0.006940014660358429,0.08189242265820504,0.015782242640852928,0.0077257840894162655,0.09450324230194092
319,0.013302095234394073,0.006806186866015196,0.07981257598996162,0.01593957655131817,0.007847663015127182,0.09553854086399079
320,0.013286499306559563,0.0067433244548738,0.07971895269453526,0.01484993938356638,0.007443426642566919,0.08934330726265907
321,0.013400409370660782,0.006820250768214464,0.08040245272517205,0.01686040684580803,0.008215376175940037,0.10136171647310258
322,0.013310777023434639,0.006776855327188969,0.07986470279097557,0.01554119773209095,0.007504245266318321,0.09359846056103706
323,0.013303355313837528,0.00677214190363884,0.07982006710767746,0.01632869243621826,0.008260655216872692,0.09803843125104904
324,0.013279864564538002,0.006794027052819729,0.07967916803061963,0.014248662628233433,0.00714765302836895,0.08552328555583955
325,0.013174265623092651,0.006694522686302662,0.07904563202857971,0.015534013509750366,0.007777138147503138,0.09316778017282486
326,0.013213235884904861,0.0066824317909777164,0.0792793692111969,0.014803510159254074,0.007584301754832268,0.08903717781305313
327,0.013091185130178928,0.006752460263669491,0.0785471171349287,0.015617623925209045,0.007833736948668957,0.09354477920532227
328,0.013156535103917122,0.006649706047028303,0.07893919375538826,0.015518687665462494,0.007590604480355978,0.09288770179748534
329,0.013437168672680855,0.0068117957562208176,0.08062299573421479,0.018180809915065765,0.009067661128938198,0.10882934906482697
330,0.013117421418428421,0.006647010799497366,0.0787045191347599,0.015961047261953354,0.0078075653873384,0.09571199578046799
331,0.013384846039116383,0.006780843250453472,0.08030904892683029,0.016717147082090378,0.008301286958158016,0.09977700576782227
332,0.013185334391891956,0.006721823010593653,0.07911204084157944,0.01685822755098343,0.00839777011424303,0.10048677234649658
333,0.012929187156260014,0.006630240008234978,0.07757511092126369,0.015161518938839436,0.00757351191714406,0.09102321165800095
334,0.013088451698422432,0.006634867284446955,0.07853075380623341,0.016164544969797134,0.007768952753394842,0.09710578445196151
335,0.013054560869932175,0.006653362885117531,0.07832735131382942,0.015223028138279915,0.007343996316194534,0.09108102757930756
336,0.01284164097160101,0.006476343609392643,0.07704981596469879,0.016813674941658974,0.008223509415984154,0.10122774697840214
337,0.013073773123323917,0.006605247501283884,0.07844265525341033,0.017442794516682625,0.008307485841214657,0.10473918851613999
338,0.012800625525414944,0.006472358480095863,0.07680372915863991,0.017187822610139847,0.008441953919827938,0.10296513261795044
339,0.012962731532752514,0.006614584941416979,0.07777637699842453,0.016419658437371254,0.007988282479345798,0.09861104490756989
340,0.012953503057360649,0.006514740642160177,0.07772102414369583,0.016800424084067345,0.00811844877898693,0.10110955604910851
341,0.01306378934532404,0.006600414868444204,0.07838274915516376,0.014553802087903023,0.007360510062426329,0.08672507774829864
342,0.013220449909567833,0.006737066432833672,0.0793227046430111,0.015010446310043335,0.007479161024093628,0.09007935926914215
343,0.012914825230836868,0.006567850708961487,0.07748894406855106,0.013853412121534348,0.007003678008913994,0.08296211585998535
344,0.012971104122698307,0.006601197179406881,0.07782662146687508,0.015109635889530182,0.007621230557560921,0.0903966013431549
345,0.012894909828901291,0.006573033053427935,0.07736949074864387,0.016575545072555542,0.00826498307287693,0.0995203843832016
346,0.012804077006876469,0.006382904481142759,0.07682447464168071,0.015489325858652592,0.007719201501458883,0.092922036755085
347,0.012691767886281013,0.0064276824705302715,0.07615057213306427,0.0160660482943058,0.007882426492869854,0.09623678646087647
348,0.013215865008533001,0.006635740865021944,0.07929516967535019,0.016371415928006172,0.008108522742986679,0.09808609697818756
349,0.012902690097689629,0.006609547417610884,0.0774161552041769,0.015076063573360443,0.00753741292282939,0.09059189626574517
350,0.01239349227398634,0.006324534770101309,0.07436094017028809,0.015734480693936348,0.007882350124418736,0.09476832414567471
351,0.012871414422988892,0.006536230444908142,0.0772284359663725,0.01572365313768387,0.007819350808858871,0.09456392397284508
352,0.012806084007024765,0.0064644888043403625,0.07683647049963474,0.01642497070133686,0.008089390583336353,0.09867622082233429
353,0.012893898412585258,0.006533455103635788,0.07736337688565255,0.0169463362544775,0.008410166017711163,0.1019555822134018
354,0.012431600131094456,0.006235385779291391,0.07458961467146874,0.014146270230412483,0.007078864146023989,0.0849483648777008
355,0.012883239425718784,0.006498578004539013,0.07729944042563439,0.01597660779953003,0.007700880523771048,0.09613043088912963
356,0.012766101397573948,0.006450160406529903,0.07659658288359641,0.014692128635942936,0.007545788772404194,0.08809185385704041
357,0.012683898210525513,0.0063992892391979694,0.07610340366363526,0.01524940226227045,0.007617183495312929,0.09156866242885589
358,0.012760382145643234,0.006429153494536877,0.07656227641701699,0.015757352113723755,0.007741565350443125,0.09459555677175521
359,0.013006007298827171,0.006530257407575846,0.07803603580594062,0.015232382342219353,0.007661512121558189,0.09136971516609192
360,0.012507205829024315,0.00625910609960556,0.07504322226643562,0.01563754677772522,0.007581204175949097,0.09390635544061661
361,0.012667672708630562,0.006494329776614904,0.07600602885782719,0.015949945896863937,0.007793941535055637,0.09580812633037566
362,0.012850577011704445,0.006537550128996372,0.07710343115925788,0.014831126667559147,0.007277250289916992,0.08894601922035217
363,0.012708532623946667,0.006426787469536066,0.07625121983587742,0.014394220896065235,0.007263930048793554,0.08654538553953171
364,0.012565949000418186,0.006293346639722586,0.07539565560519695,0.014644755981862545,0.007463664747774601,0.0879741647720337
365,0.012391653843224049,0.006274462211877108,0.07434991006553172,0.013909698463976383,0.006900234613567591,0.08349830784797668
366,0.012641877867281437,0.006483573000878096,0.07585125142335891,0.01539385225623846,0.0074812984094023705,0.09239009510278702
367,0.012666776776313782,0.006357325240969658,0.07600067354738713,0.016110124066472054,0.007858693599700928,0.09665040564537049
368,0.012338615022599697,0.006229473743587732,0.07403171845376491,0.014708533883094788,0.007325656246393919,0.08834589334726334
369,0.012809528969228268,0.006436547264456749,0.0768571480423212,0.014556759037077427,0.007100163958966732,0.08701453297138215
370,0.012557242065668106,0.006216930225491524,0.07534343964755535,0.01525556854903698,0.007482057902961969,0.09133848555088044
371,0.012659184634685516,0.006341481581330299,0.07595506209433078,0.013792401179671288,0.00680022407323122,0.08295051382184028
372,0.012298375368118286,0.0062400419265031815,0.07379020816981792,0.014845849946141243,0.007400116883218288,0.08914990222454071
373,0.012501317076385021,0.00636346684768796,0.075007935410738,0.0150595186278224,0.007447866257280111,0.09056724450588226
374,0.012538799084722996,0.0062522972002625465,0.07523279794454575,0.01666278950870037,0.008082053624093533,0.09983906018733978
375,0.012529008090496063,0.006274395622313023,0.0751740834414959,0.014130554161965847,0.007138438057154417,0.08470909049510955
376,0.012460999190807343,0.006236674264073372,0.07476598727107048,0.01478088553994894,0.007316796574741602,0.08874285855293274
377,0.012555188499391079,0.006325146183371544,0.07533114484548568,0.016100721433758736,0.007737803738564253,0.09683586591482163
378,0.012584754265844822,0.006375385448336601,0.07550857541561126,0.015925230458378792,0.007752734236419201,0.0953323564529419
379,0.012479854747653008,0.006262803915888071,0.07487912032604217,0.016257569193840027,0.007946872152388096,0.09763515843152999
380,0.012111401185393333,0.0061703817918896675,0.07266840900480748,0.015381896868348122,0.007463563699275255,0.0924110079050064
381,0.012348928488790989,0.006227715872228146,0.07409356513619422,0.014857685193419456,0.007213796954602003,0.08914755600690842
382,0.012434205040335655,0.00629040040075779,0.07460525786876679,0.016386957839131355,0.007983444258570671,0.09857649579048157
383,0.012217210605740547,0.006174707319587469,0.07330323504805565,0.014016297645866871,0.006851918995380402,0.08422493278384209
384,0.012400738894939423,0.006255728658288717,0.07440443094372749,0.01670299842953682,0.00831247866153717,0.10055757628083228
385,0.01222204975783825,0.006089938338845968,0.07333231320381164,0.015099692158401012,0.007444834802299738,0.09074944036602973
386,0.012192304246127605,0.006131728645414114,0.07315385000407695,0.01698908768594265,0.008239668793976307,0.10220501345396042
387,0.012271362356841564,0.006208525970578194,0.07362817324995995,0.014133983291685581,0.007147467695176601,0.08476134746074676
388,0.012366368435323238,0.006260912399739027,0.0741982391357422,0.014335598796606064,0.007132947910577059,0.08605111770629882
389,0.01217666920274496,0.006120987236499786,0.07306001159250736,0.016280384734272957,0.007921954616904259,0.09782952945232391
390,0.012070252560079098,0.006112260278314352,0.07242155429720878,0.014782866463065147,0.007169208489358425,0.08873825615644455
391,0.012465191073715687,0.0062777698040008545,0.07479111518263817,0.013376573100686073,0.006832138169556856,0.08021836202144622
392,0.01205907016992569,0.0060744560323655605,0.0723544403553009,0.01454875711351633,0.007027836982160807,0.08737020800113678
393,0.012116615660488605,0.006176845170557499,0.07269969601333141,0.013887595385313034,0.006817352958023548,0.0834350816488266
394,0.012420197017490864,0.00617695739492774,0.07452117676436901,0.015424060635268688,0.007412641774863005,0.09196733758449555
395,0.012288719415664673,0.006157867144793272,0.07373229775726796,0.015457873232662678,0.007637752685695887,0.09294609251022339
396,0.012038072571158409,0.00606171041727066,0.07222843763530254,0.014048515819013119,0.007008795626461506,0.0845171093583107
397,0.012017623521387577,0.006075636949390173,0.07210576884448529,0.013483483344316483,0.006795077584683895,0.08114267839193344
398,0.01239010039716959,0.006198660470545292,0.07434061034917831,0.01376201119273901,0.00705583905801177,0.08254137301445007
399,0.012029910460114479,0.006127293687313795,0.07217946162819862,0.01441039890050888,0.007000740151852369,0.08668997980356216
400,0.012295203283429146,0.006138256285339594,0.07377117203474044,0.016297651454806328,0.007817757315933704,0.09771864836215972
401,0.012111316435039043,0.006130401045084,0.072667891061306,0.014488384127616882,0.007083225529640913,0.08699021703004838
402,0.012283681891858578,0.0062032355926930904,0.07370208234786987,0.014530764892697334,0.007031131070107222,0.0874265683233738
403,0.012046986259520054,0.006039386615157127,0.0722819240450859,0.014072103425860405,0.007070399355143309,0.08460758341550827
404,0.01190777774900198,0.0059484317898750305,0.07144664112627507,0.015135695226490498,0.00737247709184885,0.09117430318892002
405,0.011890257708728313,0.006016462109982967,0.07134154427051544,0.015010587871074677,0.007341122720390558,0.09015342457294465
406,0.011786711402237415,0.005919479299336672,0.07072026184201241,0.013505938462913036,0.006465013604611158,0.0812834366619587
407,0.012069415301084518,0.00606550881639123,0.07241649947464467,0.016720321029424667,0.008062055334448814,0.10012684590816498
408,0.01196981780230999,0.0059731500223279,0.07181888850331307,0.014781218022108078,0.00742692407220602,0.08866812037229538
409,0.011869263835251331,0.005931038875132799,0.07121558379530907,0.013943527825176716,0.00683941412717104,0.08374657983779907
410,0.011764274910092354,0.0058902292512357235,0.07058561997115612,0.014460708014667034,0.006903292145580053,0.08691704061627388
411,0.012100335210561752,0.006095436867326498,0.07260201287567615,0.014196634292602539,0.0069092921912670135,0.08513728928565979
412,0.011943520046770573,0.005935084540396929,0.07166110164821148,0.01412563119083643,0.006901053711771965,0.0844773332118988
413,0.011910293251276016,0.006026707123965025,0.07146177022457123,0.013975026085972786,0.006943920627236366,0.08377028411626816
414,0.01200488768517971,0.005966607481241226,0.07202929482758046,0.01738319918513298,0.008240800350904465,0.10444579617977143
415,0.012021253816783428,0.005986037664115429,0.07212755462527275,0.01418690662831068,0.006886978633701801,0.08529803109765052
416,0.012055893428623676,0.0059709143824875355,0.07233540766835213,0.01565229520201683,0.007466011680662632,0.09396326315402985
417,0.012095656245946884,0.005989306606352329,0.07257391617000103,0.014624071307480335,0.007240219507366419,0.0873846269607544
418,0.011960972100496292,0.006057786755263805,0.07176580962836743,0.014415798708796501,0.0070214527659118176,0.0865973740696907
419,0.012014662846922874,0.005980845540761948,0.07208794693052768,0.016315925866365433,0.007840124890208244,0.09744143862724304
420,0.011754518374800682,0.005904956720769405,0.07052710862755776,0.01473559346050024,0.007241762243211269,0.08824988468885422
421,0.011668848805129528,0.005901031661778688,0.0700130919277668,0.014092507772147655,0.006950463633984327,0.08456185703277588
422,0.011735325679183006,0.005888182669878006,0.07041192069649696,0.014620308764278889,0.006970941089093685,0.08795281147956849
423,0.011907381005585194,0.005907981190830469,0.07144431375563144,0.013622007332742214,0.006719292141497135,0.0818172798871994
424,0.011679321527481079,0.005897842347621918,0.07007592247724533,0.013469679281115532,0.006925847847014666,0.08080682601928711
425,0.011854185722768307,0.00601164298132062,0.07112511946558953,0.013339526951313019,0.006620865780860186,0.07985840318202972
426,0.011816558428108692,0.005959740839898586,0.07089935292303562,0.01606457121670246,0.007810948882251978,0.09626500352621079
427,0.011798489838838577,0.005991921294480562,0.07079094695448876,0.01560263428837061,0.007391517981886864,0.09364379801750183
428,0.012038060463964939,0.006021458189934492,0.07222836498618126,0.013506773859262466,0.006795462686568499,0.08077513127326966
429,0.011762762442231178,0.005870805587619543,0.07057656584382058,0.014425115659832954,0.007028752937912941,0.08638275738954544
430,0.011978632770478725,0.005955916363745928,0.0718717767983675,0.013839222490787506,0.006824157200753689,0.08317093917727471
431,0.011867713183164597,0.005909772589802742,0.07120626482069492,0.01440832857042551,0.007122149225324392,0.0864392028927803
432,0.011935602873563766,0.00601246627047658,0.07161360763311386,0.016441524028778076,0.00792849250137806,0.09845205626487732
433,0.011494912207126617,0.005796920973807573,0.06896947552859783,0.016418710350990295,0.007872167974710464,0.0987565689086914
434,0.011592055670917034,0.005867925006896257,0.06955230087935925,0.014827119186520576,0.007143552880734205,0.08894822739362716
435,0.011806966736912727,0.005858271848410368,0.07084177478849887,0.014476771466434002,0.006956806406378746,0.08701801188588143
436,0.011663955636322498,0.005844333674758673,0.06998370223343373,0.014234832488000393,0.006968330591917038,0.08556624559164047
437,0.011798634193837643,0.005851909518241882,0.07079180963039398,0.01495412178337574,0.007268794812262058,0.08973869353532792
438,0.01170590240508318,0.005845301318913698,0.0702354469448328,0.014003823511302471,0.006863499991595745,0.08371652240753173
439,0.01138927973806858,0.005692032165825367,0.06833571836352348,0.015325170941650867,0.007266502361744642,0.09184355223178864
440,0.011602501384913921,0.0058757285587489605,0.06961499395668506,0.013637957163155079,0.006677358876913786,0.08181876987218857
441,0.011861693114042282,0.00596687663346529,0.07117017528712749,0.015452712774276733,0.0076469252817332745,0.09283097505569458
442,0.011492745019495487,0.0057944972068071365,0.06895647771954537,0.014087183400988579,0.00689294608309865,0.08464689930677415
443,0.01166023313999176,0.005854967515915632,0.0699614094644785,0.014634561724960804,0.0072106183506548405,0.08741170294284821
444,0.011534427292644978,0.00574878603219986,0.06920655228197575,0.015360452234745026,0.007277226075530052,0.09244153081178665
445,0.011565634049475193,0.005732545163482428,0.06939384063184262,0.014160748571157455,0.006990149617195129,0.08523657759130002
446,0.011450860649347305,0.005725405178964138,0.0687051420390606,0.013102220371365547,0.006503170356154442,0.07863510866165162
447,0.01171388290822506,0.0059136636555194855,0.07028326324224472,0.014601579867303371,0.0069280946627259254,0.08759435058832168
448,0.011560139246284962,0.005769066046923399,0.06936086660921574,0.013554846867918968,0.006639473140239716,0.08141845469474793
449,0.011592463590204716,0.0058076954446733,0.06955478375256062,0.013586797751486301,0.006709340959787369,0.08128692078590392
450,0.011667013168334961,0.00596920819953084,0.07000208703279495,0.013494081795215607,0.006593693047761917,0.08056639387607574
451,0.011336415074765682,0.005720046814531088,0.06801851440668107,0.01594540663063526,0.0075915795750916,0.09574150462150574
452,0.011530593037605286,0.005770168267190456,0.06918354912102223,0.01668761856853962,0.00788380391895771,0.10010347130298615
453,0.011543593369424343,0.00579271512106061,0.06926152403354645,0.013515753671526909,0.006789466366171837,0.08129047440290452
454,0.011599380522966385,0.005808791145682335,0.06959629997014999,0.014450029470026493,0.0070151533000171185,0.08677366659641265
455,0.01135004311800003,0.005737842991948128,0.06810030402243138,0.016030019149184227,0.007754534482955933,0.09623420609235764
456,0.011289720423519611,0.005641879513859749,0.06773828468918801,0.01481693983078003,0.0071480656042695045,0.08876726816892624
457,0.011569811962544918,0.00582786463201046,0.0694188603669405,0.015025641769170761,0.007456353399902582,0.09010933870077133
458,0.011578520759940147,0.005800149869173765,0.06947109078764915,0.01426293421536684,0.006881530862301588,0.08565545296669007
459,0.0114070950075984,0.005771773401647806,0.06844252354502678,0.014044911600649357,0.006771742831915617,0.0842610713005066
460,0.011273818090558052,0.005653476808220148,0.06764290779829026,0.017741963267326355,0.008356515318155289,0.10679437576532363
461,0.011711332947015762,0.005869520362466574,0.07026794652342797,0.016064532101154327,0.007667789701372385,0.09579207472801209
462,0.011561158113181591,0.005810892209410667,0.06936698734760284,0.015807658433914185,0.007509160786867142,0.09476790297031402
463,0.011074651964008808,0.005598560906946659,0.06644792787134647,0.01578071527183056,0.007558581884950399,0.09449635899066924
464,0.011364279314875603,0.005780057981610298,0.06818564912974834,0.014374506659805775,0.006973412353545427,0.08617497434616089
465,0.01152399554848671,0.005809609778225422,0.06914399788677693,0.015291686169803143,0.007476924452930689,0.09184816875457763
466,0.011333795264363289,0.005599030293524265,0.0680027192145586,0.013134888373315334,0.0066359033808112144,0.07910368396639823
467,0.011079453863203526,0.0055320970714092255,0.0664767412096262,0.014283719472587109,0.007001606747508049,0.08577110649347305
468,0.011439844034612179,0.005761478096246719,0.06863908153772354,0.013963032513856888,0.0068843127228319645,0.08355151317119598
469,0.011346057988703251,0.005728468764573336,0.06807640798389912,0.01491738110780716,0.007182219997048378,0.08980486218333245
470,0.011191774159669876,0.00560709647834301,0.0671506521731615,0.014589059166610241,0.007350810803472996,0.08748456125259399
471,0.011424874886870384,0.005734217818826437,0.06854923072457314,0.01329874712973833,0.006569250486791134,0.07944937999248505
472,0.011337223462760448,0.005737427156418562,0.06802332286536694,0.013945384882390499,0.006897966377437115,0.08370964715480804
473,0.01136414147913456,0.0056897359900176525,0.06818481968641281,0.013892989605665207,0.00671863229945302,0.08297314577102662
474,0.011034725233912468,0.005521891172975302,0.0662083415299654,0.01500165555626154,0.007015752140432596,0.08986271877288818
475,0.011138559319078922,0.005546116270124912,0.0668313552170992,0.015188091434538364,0.007291931193321943,0.09129873803853988
476,0.011322785168886185,0.0056594861671328545,0.06793673416376114,0.014041705057024956,0.006945397239178419,0.08378782579898834
477,0.011135432869195938,0.005575879942625761,0.06681259985864163,0.015709778293967247,0.007623907644301653,0.09420277376174926
478,0.011286879889667034,0.005667131394147873,0.06772127623558044,0.01416641566902399,0.006838729605078697,0.08505806928873062
479,0.010944142937660217,0.005501496139913797,0.06566484557986259,0.01344110257923603,0.006312832236289978,0.08086888840794564
480,0.011168458499014378,0.005562027916312218,0.06701075149476528,0.013556133955717087,0.0065769776701927185,0.08144133198857308
481,0.011087794788181782,0.005575725343078375,0.06652671331763267,0.015422703698277473,0.007551964838057756,0.09267779610157013
482,0.011037404648959637,0.0056074317544698715,0.0662244204878807,0.01518160104751587,0.007463948801159859,0.09130208815336227
483,0.01104052271693945,0.005526255816221237,0.0662431157886982,0.016323845833539963,0.007858755066990852,0.09802232477664947
484,0.011044665239751339,0.005488756112754345,0.06626797378957272,0.014305480755865574,0.006884374655783176,0.08569222272634507
485,0.011177558451890945,0.005555168725550175,0.06706531472802162,0.012650537304580212,0.006278553977608681,0.0756692538022995
486,0.011084334924817085,0.005578121170401573,0.06650602543354034,0.015187053941190243,0.007252244278788567,0.09140541454553604
487,0.011310781352221966,0.005651551298797131,0.06786463692486286,0.01393080223351717,0.006632382050156593,0.083637502348423
488,0.01127775851637125,0.005602288991212845,0.06766654153168201,0.012921061366796494,0.006356075871735811,0.07755417615175247
489,0.011147298850119114,0.00552771333605051,0.06688378911614418,0.012980232015252113,0.006377887446433306,0.07806085817217827
490,0.01101431529968977,0.005548625253140926,0.0660859152764082,0.0155614223331213,0.0073702093213796616,0.09330504696369171
491,0.011111135594546795,0.005511557217687368,0.06666687931418419,0.014575361274182796,0.007122696377336979,0.08710013945102692
492,0.010868226177990437,0.005463792942464352,0.06520937986373901,0.014066767878830433,0.006720527540892363,0.08464747650623322
493,0.011041507124900818,0.005517192650586367,0.06624906350672245,0.013421189039945602,0.006571129430085421,0.08061594315767288
494,0.01098097488284111,0.005471447948366404,0.06588582129180431,0.013246194459497929,0.006556549575179815,0.07950796095132828
495,0.010904778726398945,0.005408931523561478,0.06542866625189782,0.012910572811961174,0.006186824757605791,0.0771934410572052
496,0.010943719185888767,0.0054423692636191845,0.06566232950389385,0.013082261197268963,0.006314118858426809,0.07830113217830657
497,0.011459517292678356,0.005687819328159094,0.0687570981144905,0.01292430330067873,0.006473328452557325,0.07737016797065735
498,0.011078555136919022,0.005527599714696407,0.06647131314277649,0.013992862775921822,0.006933945696800947,0.08407281967401505
499,0.011018156073987484,0.00542499078437686,0.06610891924798488,0.013531063683331013,0.006724178325384855,0.08124003014564514
